BJD - 2454833,Corrected Flux
2749.610542,0.99928713
2749.630974,0.999231633
2749.651406,0.999291878
2749.671838,0.999237669
2749.69227,0.999152271
2749.712702,0.999493296
2749.733134,0.999153183
2749.753566,0.999181735
2749.773998,0.998970498
2749.79443,0.99912753
2749.814862,0.99921903
2749.835294,0.999302442
2749.855726,0.999272593
2749.876158,0.999278951
2749.917022,1.000121757
2749.937454,1.000088497
2749.957886,0.999654588
2749.978318,0.999710881
2749.99875,0.999476779
2750.019182,0.999702515
2750.039614,0.999591895
2750.060046,0.999505275
2750.080478,1.000162135
2750.10091,0.999640979
2750.121342,0.999546595
2750.141774,0.999393969
2750.162205,0.999592419
2750.182637,0.999421618
2750.20307,0.999424263
2750.223501,0.999149344
2750.243933,0.999255411
2750.264365,0.999222505
2750.284797,0.99898288
2750.305229,0.999192581
2750.325661,0.999022078
2750.346093,0.998855436
2750.366525,0.99881599
2750.386957,0.998656478
2750.407389,0.998689989
2750.427821,0.998544519
2750.448253,0.998313284
2750.468685,0.998269353
2750.489117,0.998415761
2750.509549,0.998418083
2750.529981,0.998471748
2750.550413,0.998380646
2750.570845,0.998395724
2750.591277,0.99791479
2750.611709,0.997530658
2750.652573,0.998569387
2750.673005,0.998418841
2750.693437,0.998215169
2750.713869,0.998351007
2750.734301,0.998160373
2750.754732,0.99832193
2750.775164,0.998093718
2750.795596,0.998019878
2750.816028,0.997900797
2750.83646,0.997584692
2750.856892,0.997522756
2750.877324,0.997545951
2750.897756,0.997555968
2750.918188,0.99738799
2750.93862,0.997578793
2750.959052,0.997615246
2750.979484,0.997724273
2750.999916,0.997824387
2751.020348,0.997931442
2751.04078,0.99786297
2751.061212,0.997929439
2751.081644,0.997905989
2751.102076,0.997783658
2751.14294,0.998570712
2751.163372,0.998690699
2751.183804,0.998588214
2751.204236,0.998545679
2751.224668,0.998730495
2751.245099,0.998817081
2751.265531,0.998520261
2751.285963,0.998774584
2751.306395,0.998803328
2751.326827,0.999297754
2751.347259,0.998826124
2751.367691,0.998847237
2751.388123,0.999104284
2751.408555,0.999261915
2751.428987,0.999157254
2751.449419,0.999067417
2751.469851,0.999196051
2751.490283,0.998922256
2751.510715,0.998803233
2751.531147,0.998890045
2751.551579,0.998939813
2751.572011,0.99898137
2751.592443,0.99914092
2751.612875,0.999159694
2751.633306,0.999366878
2751.653738,0.999298597
2751.67417,0.999332729
2751.694602,0.999557952
2751.715034,0.999765604
2751.735466,0.999886082
2751.755898,0.999881989
2751.77633,1.000289374
2751.796762,1.000468142
2751.817194,1.000207194
2751.837626,1.000215955
2751.858058,1.000421448
2751.87849,1.000449583
2751.898922,1.000454001
2751.919354,1.000478992
2751.939786,1.00055706
2751.960218,1.00060689
2751.98065,1.000718702
2752.001081,1.00079005
2752.021514,1.000860888
2752.041945,1.000959823
2752.062377,1.000859547
2752.082809,1.000990297
2752.123673,1.00104709
2752.144105,1.000973712
2752.164537,1.001154503
2752.184969,1.000934165
2752.205401,1.001057918
2752.225833,1.001092904
2752.246265,1.001692043
2752.266697,1.001218889
2752.287129,1.001733159
2752.307561,1.001417987
2752.327992,1.001228171
2752.348424,1.001281018
2752.368856,1.001146545
2752.389288,1.001362869
2752.40972,1.001555759
2752.430152,1.001462784
2752.450584,1.001548975
2752.471016,1.001511014
2752.491448,1.001727329
2752.51188,1.001724191
2752.532312,1.001637491
2752.552744,1.001878969
2752.573176,1.001800935
2752.61404,1.002214801
2752.634471,1.001944899
2752.654903,1.001889627
2752.675335,1.001764063
2752.695767,1.002079713
2752.716199,1.002072154
2752.736631,1.002098755
2752.757063,1.002256391
2752.777495,1.002255603
2752.797927,1.002053442
2752.818359,1.00205552
2752.838791,1.002075956
2752.859223,1.002123926
2752.879655,1.002158465
2752.900087,1.002380762
2752.920519,1.00260106
2752.94095,1.00248644
2752.961382,1.002635913
2752.981814,1.002670285
2753.002246,1.002372787
2753.022678,1.00250284
2753.04311,1.002627682
2753.063542,1.002640404
2753.124838,1.002949616
2753.14527,1.002866063
2753.165701,1.002921494
2753.186133,1.002760489
2753.206565,1.003255249
2753.226997,1.003557599
2753.247429,1.002923851
2753.267861,1.003260697
2753.288293,1.003048355
2753.308725,1.002871752
2753.329157,1.003101252
2753.349589,1.00307965
2753.370021,1.00311429
2753.390453,1.002940944
2753.410885,1.003152222
2753.431317,1.003066009
2753.451748,1.002914409
2753.47218,1.002897718
2753.492612,1.003006426
2753.513044,1.003201444
2753.533476,1.002913716
2753.553908,1.003001223
2753.594772,1.002898253
2753.6765,1.002432554
2753.696931,1.002432161
2753.717363,1.002407956
2753.737795,1.002635824
2753.758227,1.002690717
2753.778659,1.002640717
2753.799091,1.002508792
2753.819523,1.002351584
2753.839955,1.001981961
2753.860387,1.001540137
2753.880819,1.001488824
2753.901251,1.001455704
2753.921682,1.001559719
2753.942114,1.001437874
2753.962546,1.001324368
2753.982978,1.001352751
2754.00341,1.000795998
2754.023842,1.000936165
2754.044274,1.001019402
2754.085138,1.001501977
2754.10557,1.001229556
2754.126002,1.001154907
2754.146433,1.00119141
2754.166865,1.001225031
2754.187297,1.001178212
2754.207729,1.000592226
2754.228161,1.000257943
2754.248593,1.000447729
2754.269025,1.000240522
2754.289457,1.000524588
2754.309889,1.000558788
2754.330321,1.000575883
2754.350752,1.000541024
2754.371184,1.000438489
2754.391616,1.000602375
2754.412048,1.000315534
2754.43248,1.000409445
2754.452912,1.000268012
2754.473344,1.000279
2754.493776,1
2754.514208,1.000006703
2754.53464,1.000063034
2754.575503,1.001013846
2754.595935,1.000548392
2754.616367,1.000445589
2754.636799,1.000665564
2754.657231,1.000486683
2754.677663,1.000753417
2754.698095,1.000729652
2754.718527,1.000641287
2754.738959,1.000826281
2754.759391,1.000922608
2754.779823,1.000900173
2754.800254,1.000997573
2754.820686,1.000671887
2754.841118,1.00053853
2754.86155,1.000335421
2754.881982,1.00062691
2754.902414,1.000128445
2754.922846,1.000391276
2754.943278,1.000147735
2754.96371,1.000258297
2754.984141,1.000194125
2755.004573,0.999808473
2755.025005,0.99953832
2755.065869,1.000782603
2755.086301,1.00067001
2755.106733,1.000408023
2755.127165,1.000354306
2755.147597,1.000732934
2755.168028,1.00029004
2755.18846,1.000486902
2755.208892,1.000435457
2755.229324,1.000491087
2755.249756,1.000365388
2755.270188,1.000392947
2755.29062,1.000427775
2755.311052,1.000467656
2755.331484,1.0006519
2755.351915,1.000217254
2755.372347,0.999949445
2755.392779,0.999781978
2755.413211,0.999823892
2755.433643,0.999786486
2755.454075,0.999400774
2755.474507,0.999545334
2755.494939,0.999631449
2755.515371,0.999427069
2755.556234,0.999964298
2755.576666,0.999877312
2755.597098,1.000038007
2755.61753,0.999830832
2755.637962,0.999734305
2755.658394,0.999781084
2755.678826,0.999669505
2755.699258,0.999598991
2755.719689,0.999544241
2755.740121,0.999560567
2755.760553,0.999479079
2755.801417,0.999422308
2755.821849,0.999432938
2755.842281,0.999578889
2755.862713,0.999550967
2755.883145,0.999454235
2755.903576,0.999419993
2755.924008,0.999616283
2755.94444,0.999566446
2755.964872,0.999502405
2755.985304,0.99944374
2756.005736,0.999630858
2756.026168,0.999073876
2756.0466,0.998785817
2756.067032,0.998753658
2756.087463,0.998856961
2756.107895,0.999006468
2756.128327,0.998811964
2756.148759,0.998841597
2756.169191,0.99887678
2756.189623,0.99885537
2756.210055,0.99882739
2756.230486,0.998925591
2756.250918,0.998922863
2756.27135,0.998857611
2756.291782,0.998948524
2756.312214,0.998919933
2756.332646,0.998866591
2756.353078,0.99868364
2756.37351,0.998375345
2756.393941,0.998816359
2756.414373,0.998643084
2756.434805,0.998651885
2756.455237,0.998817142
2756.475669,0.998576736
2756.496101,0.998559901
2756.536965,0.999462266
2756.557396,0.999301165
2756.577828,0.999179215
2756.59826,0.999154171
2756.618692,0.999055945
2756.639124,0.999214882
2756.659556,0.999189181
2756.679988,0.999560151
2756.70042,0.999176174
2756.720851,0.999631895
2756.741283,0.998885347
2756.782147,0.999957057
2770.798346,0.997222842
2770.818778,0.997089288
2770.83921,0.997003765
2770.859641,0.996848405
2770.880073,0.996844606
2770.900505,0.996765774
2770.920936,0.996640078
2770.941368,0.996576369
2770.9618,0.996475201
2770.982232,0.996293016
2771.002663,0.996123451
2771.023095,0.996036573
2771.043527,0.996250634
2771.063959,0.996510149
2771.08439,0.996634162
2771.104822,0.99670073
2771.125254,0.996794787
2771.145685,0.99668183
2771.166117,0.996868204
2771.186549,0.99684166
2771.206981,0.996479902
2771.227412,0.996723095
2771.247844,0.996634405
2771.268276,0.996263948
2771.288707,0.996223611
2771.309139,0.996240974
2771.329571,0.996605537
2771.350003,0.996286979
2771.370434,0.996225154
2771.390866,0.996381091
2771.411298,0.996047777
2771.431729,0.996284112
2771.452161,0.996431689
2771.472593,0.996098939
2771.493025,0.996153245
2771.513456,0.996353386
2771.533888,0.996407405
2771.55432,0.996344356
2771.574752,0.996331987
2771.595183,0.996212709
2771.615615,0.996092567
2771.636047,0.996179843
2771.656478,0.996157424
2771.67691,0.996130269
2771.697342,0.996097114
2771.738205,0.996538972
2771.758637,0.996796792
2771.779069,0.996806637
2771.7995,0.996861914
2771.819932,0.996979041
2771.840364,0.996980278
2771.860796,0.997360957
2771.881227,0.997205653
2771.901659,0.997264691
2771.922091,0.997288147
2771.942522,0.997360985
2771.962954,0.997597224
2771.983386,0.997507381
2772.003818,0.997512868
2772.024249,0.997481554
2772.044681,0.997482296
2772.065113,0.997527917
2772.085545,0.997514846
2772.105976,0.997603172
2772.126408,0.997665011
2772.14684,0.997818466
2772.167271,0.997758359
2772.187703,1.000825043
2772.208135,0.997777654
2772.228566,0.997673354
2772.248998,0.997616497
2772.26943,0.997513493
2772.289862,0.997571669
2772.310293,0.997140534
2772.330725,0.997636642
2772.351157,0.997717379
2772.371589,0.997778366
2772.39202,0.997611611
2772.412452,0.997507159
2772.432884,0.997954541
2772.453315,0.997918125
2772.473747,0.997988986
2772.494179,0.998219677
2772.51461,0.998437411
2772.535042,0.998263903
2772.555474,0.998655066
2772.575906,0.998424846
2772.596337,0.998389787
2772.616769,0.998279897
2772.637201,0.998132939
2772.657632,0.998184944
2772.678064,0.998590908
2772.718928,0.999040603
2772.739359,0.99870858
2772.759791,0.998429319
2772.780223,0.998775026
2772.800654,0.99882408
2772.821086,0.998715472
2772.841518,0.998688248
2772.86195,0.998741186
2772.882381,0.998422034
2772.902813,0.998440856
2772.923245,0.998558484
2772.943676,0.998230977
2772.964108,0.99840926
2772.98454,0.998447778
2773.004972,0.998202944
2773.025403,0.998442923
2773.045835,0.998590623
2773.066267,0.99843011
2773.086698,0.998541957
2773.10713,0.998329008
2773.127562,0.998223936
2773.147993,0.998274476
2773.168425,0.998259124
2773.188857,0.998503543
2773.209289,0.998418024
2773.22972,0.998352203
2773.250152,0.99820601
2773.270584,0.99868131
2773.291015,0.998036354
2773.311447,0.99832331
2773.331879,0.99964037
2773.352311,0.998163261
2773.372742,0.998122165
2773.393174,0.998188143
2773.413606,0.997975372
2773.434037,0.997954154
2773.454469,0.99793159
2773.474901,0.998136557
2773.495332,0.998218918
2773.515764,0.998283114
2773.536196,0.998278546
2773.556628,0.998682588
2773.577059,0.998564331
2773.597491,0.998360818
2773.617923,0.998508363
2773.638355,0.998241376
2773.658786,0.998146348
2773.679218,0.998045732
2773.69965,0.997852067
2773.720081,0.997728619
2773.740513,0.997779217
2773.760945,0.99800112
2773.781376,0.997662644
2773.801808,0.997698597
2773.82224,0.997597234
2773.842672,0.998080167
2773.863103,0.99759205
2773.883535,0.997476513
2773.903967,0.99735096
2773.924398,0.997132599
2773.94483,0.997221052
2773.965262,0.99713927
2773.985694,0.997032204
2774.006125,0.996804736
2774.026557,0.9968387
2774.046989,0.996814381
2774.06742,0.996693615
2774.087852,0.99653978
2774.108284,0.996563833
2774.128715,0.996295794
2774.149147,0.996231093
2774.19001,0.99716491
2774.210442,0.997227518
2774.230874,0.997015255
2774.251306,0.997076725
2774.271737,0.997765386
2774.292169,0.997254546
2774.312601,0.997266115
2774.333033,0.997500412
2774.353464,0.997567454
2774.373896,0.997642063
2774.394328,0.997457789
2774.414759,0.997637894
2774.435191,0.997490662
2774.455623,0.997711258
2774.476054,0.997378586
2774.496486,0.997127892
2774.516918,0.997216881
2774.537349,0.997099582
2774.557781,0.996866849
2774.578213,0.997006126
2774.598645,0.996908788
2774.619076,0.996679943
2774.639508,0.996627545
2774.700803,0.995438583
2774.721235,0.995878196
2774.741666,0.996201271
2774.762098,0.99638416
2774.78253,0.996246
2774.802962,0.996326249
2774.823393,0.996419168
2774.843825,0.996431623
2774.864257,0.996570384
2774.884688,0.99672257
2774.90512,0.99668112
2774.925552,0.996569264
2774.945984,0.996771991
2774.966415,0.996820452
2774.986847,0.996595605
2775.007279,0.996782574
2775.02771,0.996671408
2775.048142,0.996762008
2775.068574,0.996711596
2775.089005,0.996720521
2775.109437,0.99693189
2775.129869,0.996936205
2775.1503,0.997320033
2775.170732,0.997254433
2775.191164,0.997220162
2775.211596,0.9974143
2775.232027,0.997455506
2775.252459,0.997529542
2775.272891,0.997436032
2775.293322,0.997451171
2775.313754,0.997616672
2775.334186,0.997553674
2775.354617,0.997895895
2775.375049,0.997938097
2775.415913,0.998015943
2775.436344,0.998053966
2775.456776,0.997940872
2775.477208,0.998048172
2775.497639,0.998070554
2775.518071,0.99803439
2775.538503,0.998107106
2775.558934,0.998104669
2775.579366,0.997858508
2775.599798,0.997552406
2775.620229,0.997315998
2775.661093,1.001742301
2775.681525,1.002057691
2775.701956,1.002129308
2775.722388,1.0023383
2775.74282,1.002015281
2775.763251,1.002160366
2775.783683,1.002067559
2775.804115,1.001858713
2775.824546,1.001495971
2775.844978,1.001302867
2775.86541,1.001296782
2775.885842,1.001249148
2775.906273,1.000716756
2775.926705,0.999734234
2775.947137,0.998941852
2775.967568,0.998490422
2775.988,0.999359724
2776.008432,0.99938827
2776.028863,0.99904524
2776.049295,0.998431936
2776.069727,0.998675831
2776.090158,0.998998674
2776.11059,0.998978
2776.131022,0.998823275
2776.151454,0.998333266
2776.171885,0.998039554
2776.192317,0.997963719
2776.212749,0.997626173
2776.23318,0.997871398
2776.253612,0.997789317
2776.274044,0.998097533
2776.294475,0.997829706
2776.314907,0.997967688
2776.335339,0.998016035
2776.35577,0.998147068
2776.376202,0.998013156
2776.396634,0.997895649
2776.417065,0.998094819
2776.437497,0.997813667
2776.457929,0.997859445
2776.478361,0.99799032
2776.498792,0.998144318
2776.519224,0.998103153
2776.539656,0.998361359
2776.560087,0.997968607
2776.580519,0.997984784
2776.600951,0.998309104
2776.662246,0.998221867
2776.682678,0.997688151
2776.703109,0.997695022
2776.723541,0.997630518
2776.743973,0.997912154
2776.764404,0.99776827
2776.784836,0.997570764
2776.805268,0.998165797
2776.825699,0.998177006
2776.846131,0.998368036
2776.866563,0.998338847
2776.886994,0.998276802
2776.907426,0.998235356
2776.927858,0.99811313
2776.94829,0.998300829
2776.968721,0.997991822
2776.989153,0.998099835
2777.009585,0.997876571
2777.030016,0.997752356
2777.050448,0.998233779
2777.07088,0.998192873
2777.091311,0.99819943
2777.111743,0.99825966
2777.132175,0.997861458
2777.152606,0.998039975
2777.173038,0.997986205
2777.19347,0.997953093
2777.213901,0.998038971
2777.234333,0.998032833
2777.254765,0.998009444
2777.275197,0.998317148
2777.295628,0.99817655
2777.31606,0.998154723
2777.336492,0.998487979
2777.356923,0.998318728
2777.377355,0.998415793
2777.397787,0.998602026
2777.418218,0.998542438
2777.43865,0.998587906
2777.459082,0.99846389
2777.479513,0.998625833
2777.499945,0.99869334
2777.520377,0.998805639
2777.540809,0.998870747
2777.56124,0.998833434
2777.581672,0.999182766
2777.602104,0.999104589
2777.622535,0.999086285
2777.642967,0.999010677
2777.663399,0.998851354
2777.68383,0.999355373
2777.704262,0.999356754
2777.724694,0.999152004
2777.745125,0.99942152
2777.765557,0.999594037
2777.785989,0.999464992
2777.80642,0.999472614
2777.826852,0.999624955
2777.847284,0.999447325
2777.867716,0.999573879
2777.888147,0.999387504
2777.908579,0.999291414
2777.929011,0.999469743
2777.949442,0.999697832
2777.969874,0.999502604
2777.990306,0.999447771
2778.010737,0.999624529
2778.031169,0.9993609
2778.051601,0.999374811
2778.072032,0.99951999
2778.092464,0.999511781
2778.112896,0.99947712
2778.133327,0.999395634
2778.153759,0.99945262
2778.174191,0.999490401
2778.194622,0.999353965
2778.215054,0.99914274
2778.235486,0.999235382
2778.255917,0.999463881
2778.276349,0.999124536
2778.296781,0.998966032
2778.317213,0.998842739
2778.337644,0.998776538
2778.358076,0.998909187
2778.378508,0.998811224
2778.398939,0.998799015
2778.419371,0.998927085
2778.439803,0.99866883
2778.460234,0.99852518
2778.480666,0.998720464
2778.501098,0.998566348
2778.521529,0.998546691
2778.541961,0.998461836
2778.562393,0.99831302
2778.603256,0.999895224
2778.623688,0.999514215
2778.64412,0.998432502
2778.664551,0.997839681
2778.684983,0.997840614
2778.705415,0.997995907
2778.725846,0.998480007
2778.746278,0.998647643
2778.76671,0.998843449
2778.787141,0.998944436
2778.807573,0.998381296
2778.828005,0.997163757
2778.848436,0.99750901
2778.868868,0.997664776
2778.8893,0.998699221
2778.909731,0.998197948
2778.930163,0.998160771
2778.950595,0.997785981
2778.971026,0.998504151
2778.991458,0.998850618
2779.01189,0.998829946
2779.032322,0.998986283
2779.052753,0.998945934
2779.073185,0.998741811
2779.093617,0.998905472
2779.114048,0.999935778
2779.13448,0.998967158
2779.154912,0.998895574
2779.175343,0.998878586
2779.195775,0.998737468
2779.216207,0.998913721
2779.236638,0.99868747
2779.25707,0.998743498
2779.277502,0.998859178
2779.297933,0.998982174
2779.318365,0.999019201
2779.338797,0.999026876
2779.359228,0.997659567
2779.37966,0.997693176
2779.400092,0.997833991
2779.420523,0.997973196
2779.440955,0.997917258
2779.461387,0.99786572
2779.481819,0.998058595
2779.50225,0.998423073
2779.522682,0.998340978
2779.543114,0.998277217
2779.563545,0.998345246
2779.583977,0.998640707
2779.604409,0.998617277
2779.62484,0.998535244
2779.645272,0.998823036
2779.665704,0.99888744
2779.686135,0.999027708
2779.706567,0.999320985
2779.726999,0.999323859
2779.74743,0.999371779
2779.767862,0.999413077
2779.788294,0.999250838
2779.808725,0.999199679
2779.829157,0.998753069
2779.849589,0.99912099
2779.87002,0.998847133
2779.890452,0.998635199
2779.910884,0.998289203
2779.931315,0.998215623
2779.951747,0.998231825
2779.972179,0.998570052
2779.992611,0.998312135
2780.013042,0.998361087
2780.033474,0.99830891
2780.053906,0.998386484
2780.074337,0.998596038
2780.094769,0.998573082
2780.115201,0.998408726
2780.135632,0.998678884
2780.156064,0.998472778
2780.176496,0.998585017
2780.196927,0.998630085
2780.217359,0.998341449
2780.237791,0.998378582
2780.258222,0.998286804
2780.278654,0.998460549
2780.319517,0.998436697
2780.339949,0.998185129
2780.360381,0.997634871
2780.380812,0.998832796
2780.401244,0.998552334
2780.421676,0.99858772
2780.442107,0.998576617
2780.462539,0.998681765
2780.482971,0.99881118
2780.503402,0.998561675
2780.523834,0.998657605
2780.585129,0.998584156
2780.605561,0.998648869
2780.625993,0.998552211
2780.646424,0.998850962
2780.666856,0.99884281
2780.687288,0.999022877
2780.707719,0.998685563
2780.728151,0.998751634
2780.748583,0.998693246
2780.769014,0.998452086
2780.789446,0.998571582
2780.809878,0.998549098
2780.830309,1.000808271
2780.850741,0.998730299
2780.871173,0.998653681
2780.891604,0.998644979
2780.912036,0.998795349
2780.932468,0.998926954
2780.952899,0.998970495
2780.973331,0.998801527
2780.993763,0.999141516
2781.014194,0.998836264
2781.034626,0.999063766
2781.055058,0.998894144
2781.075489,0.998949878
2781.095921,0.998990118
2781.116353,0.999170285
2781.136784,0.998948957
2781.157216,0.998894918
2781.177648,0.998939428
2781.198079,0.998806308
2781.218511,0.999006312
2781.238943,0.998736848
2781.259374,0.998714848
2781.279806,0.998962855
2781.300238,0.998828958
2781.32067,0.998761304
2781.341101,0.999054862
2781.361533,0.998866561
2781.381965,0.999066279
2781.402396,0.998889267
2781.422828,0.998972219
2781.44326,0.999206294
2781.463691,0.999049007
2781.484123,0.999239562
2781.504555,0.998962489
2781.545418,0.999091834
2781.56585,0.999102237
2781.586281,0.999078325
2781.606713,0.999216337
2781.627145,0.999281279
2781.647576,0.999272865
2781.668008,0.999602282
2781.68844,0.99922877
2781.708871,0.999110475
2781.729303,0.999170618
2781.749735,0.999412766
2781.770166,0.999471365
2781.790598,0.99940775
2781.81103,0.999304152
2781.831461,0.999161115
2781.851893,0.999094039
2781.872325,0.999183012
2781.892756,0.99913932
2781.913188,0.999164439
2781.93362,0.999318843
2781.954052,0.9992835
2781.974483,0.999417505
2781.994915,0.999415969
2782.015347,0.999502601
2782.035778,0.999644064
2782.05621,0.999634768
2782.076642,0.999328561
2782.097073,0.999679924
2782.117505,0.999520902
2782.137937,0.999727817
2782.158368,0.99976772
2782.1788,0.999770014
2782.199232,0.999752002
2782.219663,1.000623007
2782.240095,1.000848013
2782.280958,0.999877699
2782.30139,0.999768376
2782.321822,0.999783201
2782.342253,0.999895747
2782.362685,0.999587211
2782.383117,0.999356538
2782.403548,0.999500043
2782.42398,0.999746316
2782.444412,0.9996372
2782.464844,0.999780441
2782.485275,0.999629454
2782.526139,0.999433959
2782.54657,0.999824442
2782.567002,0.999782152
2782.587434,0.999796345
2782.607865,0.999789996
2782.628297,0.99987862
2782.648729,1.000007214
2782.66916,1.000134339
2782.689592,1.000146439
2782.710024,1.000132004
2782.730455,1.00012995
2782.771319,1.000925583
2782.79175,1.000633798
2782.812182,1.001273548
2782.832614,1.000642462
2782.853045,1.000689221
2782.873477,1.000544374
2782.893909,1.000637922
2782.91434,1.000556282
2782.934772,1.00055235
2782.955204,1.000462201
2782.975635,1.000296219
2782.996067,1.00029307
2783.016499,1.000554982
2783.03693,1.000567843
2783.057362,1.000728389
2783.077794,1.000792626
2783.098225,1.001121927
2783.118657,1.000632953
2783.139089,1.000628785
2783.15952,1.00054167
2783.179952,1.000611668
2783.200384,1.000291262
2783.220815,1.000386569
2783.241247,1.000581536
2783.261679,1.000434585
2783.28211,1.000489235
2783.302542,1.000520302
2783.322974,1.000477099
2783.343405,1.000284828
2783.363837,1.000434442
2783.384269,1.00035666
2783.4047,1.00032933
2783.425132,1.000285526
2783.445564,1.000218334
2783.465995,1.000416704
2783.506859,1.000615132
2783.52729,1.000327126
2783.547722,1.000280981
2783.568154,1.0000113
2783.588586,1.000006403
2783.609017,0.99985431
2783.629449,1.000049734
2783.649881,0.999837618
2783.670312,0.999961325
2783.690744,0.999684127
2783.711176,0.99964203
2783.731607,0.99913566
2783.752039,0.999373446
2783.772471,0.999236258
2783.792902,0.999043923
2783.813334,0.99895739
2783.833766,0.998993201
2783.854197,0.999123375
2783.874629,0.998929615
2783.895061,0.999124122
2783.915492,0.99976358
2783.935924,1.000379733
2783.956356,1.000853694
2783.997219,0.999178367
2784.017651,0.998776865
2784.038082,0.998746881
2784.058514,0.998318926
2784.078946,0.998312392
2784.099377,0.998370249
2784.119809,0.998021851
2784.140241,0.998196796
2784.160672,0.997993052
2784.181104,0.997901764
2784.201536,0.998020843
2784.221967,0.997709263
2784.242399,0.99770508
2784.262831,0.997816947
2784.283262,0.997999244
2784.303694,0.998701686
2784.324126,0.99957604
2784.344558,1.000329002
2784.364989,1.000378849
2784.385421,1.000237311
2784.405853,1.000299666
2784.426284,1.000308634
2784.446716,1.000258097
2784.487579,0.997883092
2784.508011,0.997868393
2784.528443,0.997970225
2784.548874,0.997958589
2784.569306,0.997820072
2784.589738,0.997681096
2784.610169,0.997573483
2784.630601,0.997746571
2784.651033,0.997931557
2784.671464,0.997950103
2784.691896,0.998163272
2784.732759,1.000037285
2784.753191,1.000135437
2784.773623,1.000105918
2784.794054,0.999913323
2784.814486,0.999986665
2784.834918,1.000089686
2784.855349,0.999902186
2784.875781,0.999470341
2784.896213,0.99928747
2784.916644,0.999752378
2784.937076,0.999279634
2784.957508,0.99924245
2784.977939,0.999243588
2784.998371,0.999549562
2785.018803,0.999630226
2785.039234,0.99966013
2785.059666,0.999394963
2785.080098,0.999590129
2785.100529,0.999803063
2785.120961,0.9996294
2785.141393,0.999888645
2785.161824,0.999697081
2785.182256,0.999996606
2785.223119,0.999457138
2785.243551,0.99967632
2785.263983,0.999512454
2785.284414,0.999967849
2785.304846,0.999702519
2785.325278,0.99962711
2785.345709,0.999833218
2785.366141,0.999789856
2785.386573,0.999900169
2785.407004,0.999780705
2785.427436,0.99973923
2785.4683,0.99949662
2785.488731,0.999361648
2785.509163,0.999632013
2785.529595,0.999521048
2785.550026,0.99954662
2785.570458,0.999450725
2785.59089,0.999542189
2785.611321,0.999457238
2785.631753,0.999642413
2785.652185,0.999496766
2785.672616,0.99936512
2785.71348,0.999454979
2785.733911,0.999523565
2785.754343,0.999640233
2785.774775,0.999551535
2785.795206,0.999593798
2785.815638,0.999329777
2785.83607,0.999391228
2785.856501,0.999064519
2785.876933,0.999063913
2785.897365,0.999148497
2785.917796,0.998791897
2785.95866,0.998825162
2785.979091,0.999063431
2785.999523,0.999004252
2786.019955,0.999033901
2786.040386,0.998941192
2786.060818,0.999228427
2786.08125,0.999056123
2786.101681,0.999068162
2786.122113,0.999153983
2786.142545,0.999020782
2786.162976,0.998847124
2786.20384,0.99881688
2786.224271,0.998847386
2786.244703,0.998918273
2786.265135,0.99872877
2786.285566,0.998958592
2786.305998,0.998857652
2786.32643,0.998961896
2786.346861,0.998972674
2786.367293,0.999117441
2786.387725,0.998989224
2786.408156,0.998989863
2786.469452,0.998644388
2786.489883,0.998628078
2786.510315,0.998923104
2786.530747,0.998957279
2786.551178,0.999022394
2786.57161,0.998895552
2786.592042,0.999139522
2786.612473,0.999138265
2786.632905,0.999137918
2786.653337,0.999144674
2786.673768,0.999165654
2786.6942,0.999238917
2786.714632,0.998891627
2786.735063,0.999237653
2786.755495,0.999525939
2786.775927,0.999194716
2786.796358,0.999493431
2786.81679,0.999550799
2786.837222,0.999362108
2786.857653,0.999479182
2786.878085,0.999588354
2786.898517,0.999271265
2786.93938,0.999506824
2786.959812,0.999432779
2786.980243,0.999735228
2787.000675,0.99959222
2787.021107,0.999553208
2787.041538,0.999589139
2787.06197,0.999829238
2787.082402,0.999715972
2787.102833,0.999682518
2787.123265,0.99964259
2787.143697,0.999794491
2787.18456,0.999567839
2787.204992,0.999641407
2787.225423,0.999717871
2787.245855,0.999895934
2787.266287,0.99997414
2787.286718,0.999806314
2787.30715,1.000112328
2787.327582,1.000336266
2787.348014,1.000026353
2787.368445,1.000213131
2787.388877,0.999990613
2787.42974,0.999732896
2787.450172,1.000034154
2787.470603,1.000021596
2787.491035,0.999957175
2787.511467,1.000213029
2787.531899,1.000213775
2787.55233,1.000426016
2787.572762,1.000274016
2787.593194,1.00027299
2787.613625,1.000401554
2787.634057,1.000428839
2787.67492,1.00053099
2787.695352,1.00036438
2787.715784,1.000317689
2787.736215,1.000596651
2787.756647,1.000715726
2787.777079,1.000771427
2787.79751,1.000957362
2787.817942,1.001049842
2787.838374,1.001174083
2787.858805,1.000951398
2787.879237,1.001270905
2787.9201,1.001358399
2787.940532,1.001335839
2787.960964,1.001566139
2787.981395,1.001455139
2788.001827,1.001565502
2788.022259,1.001538599
2788.04269,1.001803846
2788.063122,1.001915584
2788.083554,1.001778831
2788.103985,1.001899765
2788.124417,1.002075856
2788.16528,1.001697159
2788.185712,1.001625292
2788.206144,1.002036643
2788.226576,1.001858661
2788.247007,1.001798877
2788.267439,1.001785158
2788.287871,1.001692754
2788.308302,1.001841677
2788.328734,1.001572516
2788.349166,1.00182117
2788.369597,1.002225472
2788.430892,1.000985861
2788.451324,1.001223813
2788.471756,1.00127955
2788.492187,1.001439779
2788.512619,1.001574338
2788.533051,1.001385731
2788.553482,1.001471921
2788.573914,1.001368693
2788.594346,1.001561925
2788.614777,1.001196581
2788.635209,1.001407872
2788.655641,1.001199753
2788.676072,1.001218004
2788.696504,1.001499755
2788.716936,1.00139792
2788.737367,1.001481382
2788.757799,1.00146527
2788.778231,1.001353272
2788.798662,1.001199158
2788.819094,1.001499209
2788.839526,1.001450647
2788.859957,1.001208596
2788.900821,1.001244534
2788.921252,1.001241724
2788.941684,1.001258968
2788.962116,1.001249745
2788.982547,1.00138262
2789.002979,1.001148837
2789.023411,1.001233322
2789.043842,1.001277595
2789.064274,1.00117333
2789.084706,1.001293051
2789.105138,1.001237554
2789.146001,1.001104123
2789.166433,1.001383008
2789.186864,1.00113537
2789.207296,1.001188606
2789.227728,1.001014042
2789.248159,1.00106546
2789.268591,1.00070182
2789.289023,1.00086018
2789.309454,1.000790841
2789.329886,1.001007447
2789.350318,1.000905367
2789.370749,1.000590458
2789.391181,1.000951349
2789.411613,1.00103639
2789.432044,1.000702954
2789.452476,1.000677641
2789.472908,1.000543807
2789.49334,1.000737726
2789.513771,1.000684315
2789.534203,1.000662978
2789.554635,1.000880523
2789.575066,1.000667847
2789.595498,1.000563074
2789.636361,1.000851024
2789.656793,1.000628051
2789.677225,1.000478407
2789.697656,1.000571008
2789.718088,1.000874096
2789.73852,1.000777581
2789.758951,1.000606758
2789.779383,1.00061555
2789.799815,1.00070866
2789.820246,1.000773899
2789.840678,1.000689289
2789.881541,1.000688323
2789.901973,1.000435438
2789.922405,1.00046905
2789.942836,1.000536288
2789.963268,1.000808045
2789.9837,1.000718168
2790.004131,1.000954207
2790.024563,1.000884641
2790.044995,1.000833023
2790.065427,1.000735141
2790.085858,1.001004964
2790.126722,1.000775791
2790.147153,1.000820726
2790.167585,1.000888337
2790.188017,1.000672162
2790.208448,1.00062995
2790.22888,1.000844622
2790.249312,1.000928749
2790.269743,1.001575735
2790.290175,1.001424653
2790.310607,1.001162298
2790.331038,1.000945917
2790.371902,1.001279687
2790.392333,1.000913504
2790.412765,1.000936208
2790.433197,1.001030333
2790.453628,1.001317567
2790.47406,1.001106554
2790.494492,1.000705672
2790.514923,1.001105627
2790.535355,1.000859192
2790.555787,1.000723122
2790.576218,1.000884738
2790.617082,1.000882154
2790.637513,1.000504815
2790.657945,1.000690923
2790.678377,1.000609552
2790.698809,1.000813178
2790.71924,1.000486311
2790.739672,1.000416814
2790.760104,1.000674462
2790.780535,1.000287162
2790.800967,1.0002915
2790.821399,1.00027496
2790.862262,1.000467107
2790.882694,1.000411981
2790.903125,1.000382663
2790.923557,1.000219004
2790.943989,1.000240583
2790.96442,1.000291482
2790.984852,1.000363903
2791.005284,0.999972227
2791.025715,1.000217121
2791.046147,1.000026898
2791.066579,1.000095715
2791.107442,1.000335428
2791.127874,1.000394598
2791.148306,1.000375091
2791.168737,1.000209713
2791.189169,1.000135029
2791.209601,0.999979745
2791.230032,0.999960303
2791.250464,0.9999996
2791.270896,0.999997871
2791.291327,0.999901854
2791.311759,1.000241915
2791.332191,0.999955783
2791.352622,1.000313257
2791.373054,1.000164323
2791.393486,0.999917607
2791.413917,1.000147563
2791.434349,1.000131325
2791.454781,1.000186821
2791.475212,1.000107871
2791.495644,1.000188497
2791.516076,1.000096843
2791.536507,0.999745922
2791.556939,0.999852236
2791.597803,1.000041852
2791.618234,1.000133787
2791.638666,1.000111793
2791.659098,1.00001203
2791.679529,1.000000463
2791.699961,1.000215763
2791.720393,0.999951021
2791.740824,1.000024853
2791.761256,0.999952132
2791.781688,0.999902694
2791.802119,0.999877731
2791.842983,0.999946299
2791.863414,0.999868332
2791.883846,0.999711851
2791.904278,0.999892994
2791.924709,0.99994833
2791.945141,0.999969225
2791.965573,0.999791548
2791.986005,0.999701723
2792.006436,0.999591979
2792.026868,0.999752376
2792.0473,0.999762682
2792.088163,0.99976264
2792.108595,0.999726085
2792.129026,0.999601102
2792.149458,0.99952618
2792.16989,0.999578202
2792.190321,0.999561424
2792.210753,0.999764873
2792.231185,0.999403841
2792.251616,0.999461981
2792.272048,0.999310295
2792.29248,0.999355443
2792.333343,0.999243731
2792.353775,0.999324296
2792.374207,0.999704832
2792.394638,0.999386403
2792.41507,0.999372249
2792.435502,0.999572663
2792.455933,0.999487607
2792.476365,0.999550684
2792.496797,0.999564049
2792.517228,0.999621867
2792.53766,0.999520411
2792.578523,0.999957291
2792.598955,0.999875382
2792.619387,0.999704696
2792.639818,0.99992665
2792.66025,0.999849782
2792.680682,1.000144571
2792.701114,1.000123341
2792.721545,1.000463179
2792.741977,1.000211541
2792.762409,1.000333748
2792.78284,1.000614186
2792.803272,1.000512669
2792.823704,1.000563916
2792.844135,1.000488017
2792.864567,1.000860493
2792.884999,1.000802669
2792.90543,1.000812747
2792.925862,1.001010694
2792.946294,1.000935085
2792.966725,1.001197457
2792.987157,1.001086698
2793.007589,1.001005805
2793.028021,1.0008339
2793.068884,1.001529488
2793.089316,1.001483065
2793.109747,1.001446754
2793.130179,1.001354045
2793.150611,1.001689418
2793.171042,1.001627509
2793.191474,1.001538439
2793.211906,1.001499106
2793.232337,1.001634713
2793.252769,1.001592081
2793.273201,1.001135482
2793.314064,1.00173067
2793.334496,1.001613864
2793.354928,1.001679406
2793.375359,1.001739118
2793.395791,1.001830652
2793.416223,1.001820043
2793.436654,1.001666268
2793.457086,1.001822429
2793.477518,1.001675622
2793.497949,1.001880781
2793.518381,1.001902704
2793.559245,1.002037108
2793.579676,1.001728766
2793.600108,1.001678327
2793.62054,1.001896637
2793.640971,1.001974507
2793.661403,1.001850872
2793.681835,1.001765361
2793.702266,1.001758705
2793.722698,1.001617895
2793.74313,1.001770581
2793.763561,1.001609669
2793.804425,1.001619236
2793.824856,1.001506285
2793.845288,1.001911586
2793.86572,1.001935609
2793.886152,1.001739895
2793.906583,1.001782505
2793.927015,1.001653955
2793.947447,1.001689981
2793.967878,1.001721696
2793.98831,1.001480696
2794.008742,1.001595768
2794.049605,1.001568396
2794.070037,1.001416568
2794.090468,1.001715297
2794.1109,1.001811229
2794.131332,1.001525774
2794.151764,1.001323015
2794.172195,1.001262357
2794.192627,1.001259455
2794.213059,1.000941206
2794.23349,1.001449998
2794.253922,1.002055573
2794.294785,1.001459009
2794.315217,1.001157771
2794.335649,1.001084082
2794.356081,1.001145677
2794.376512,1.001053571
2794.396944,1.000909436
2794.417376,1.001192722
2794.437807,1.000875543
2794.458239,1.00093372
2794.478671,1.001141463
2794.499102,1.001039554
2794.519534,1.001050618
2794.539966,1.001268357
2794.560398,1.001260282
2794.580829,1.001040457
2794.601261,1.001289136
2794.621693,1.00126616
2794.642124,1.001340481
2794.662556,1.001062511
2794.682988,1.001305013
2794.703419,1.001001704
2794.723851,1.001105544
2794.744283,1.001110403
2794.785146,1.000742029
2794.866873,1.001151184
2794.887305,1.001149569
2794.907736,1.001213578
2794.928168,1.001216173
2794.9486,1.001319531
2794.969031,1.001303751
2794.989463,1.001365744
2795.030326,1.000968129
2795.050758,1.00094335
2795.07119,1.001140746
2795.091621,1.001034439
2795.112053,1.001091754
2795.132485,1.000970305
2795.152917,1.0012883
2795.173348,1.001037719
2795.19378,1.0010686
2795.214212,1.000978651
2795.234643,1.001139473
2795.275507,1.001031897
2795.295939,1.001211132
2795.31637,1.000995185
2795.336802,1.001056957
2795.357234,1.000989396
2795.377665,1.001198029
2795.398097,1.00107492
2795.418529,1.001215126
2795.43896,1.001434346
2795.459392,1.001003649
2795.479824,1.00111924
2795.520687,1.000709992
2795.541119,1.000888303
2795.561551,1.000991572
2795.581982,1.001122607
2795.602414,1.000990129
2795.622846,1.001006022
2795.643277,1.001007453
2795.663709,1.00106185
2795.684141,1.001112378
2795.704572,1.000872609
2795.725004,1.000996294
2795.765868,0.999915701
2795.786299,1.001113413
2795.806731,1.00059843
2795.827163,1.000745374
2795.847594,1.000701049
2795.868026,1.00077035
2795.888458,1.000732853
2795.90889,1.000661588
2795.929321,1.00074529
2795.949753,1.00057637
2795.970185,1.000761635
2796.011048,1.000515188
2796.03148,1.000781138
2796.051912,1.000662212
2796.072343,1.000419132
2796.092775,1.00082891
2796.113207,1.000601462
2796.133638,1.000901547
2796.15407,1.00102336
2796.174502,1.001030619
2796.194933,1.000779617
2796.215365,1.000734333
2796.27666,1.001090544
2796.297092,1.000769006
2796.317524,1.000983974
2796.337955,1.001101595
2796.358387,1.000863494
2796.378819,1.001033885
2796.39925,1.000927141
2796.419682,1.001190465
2796.440114,1.000958264
2796.460545,1.001000462
2796.501409,1.001131952
2796.521841,1.001153686
2796.542272,1.001379946
2796.562704,1.001206654
2796.583136,1.001081132
2796.603567,1.001288972
2796.623999,1.001100939
2796.644431,1.001102178
2796.664863,1.001159344
2796.685294,1.0011952
2796.705726,1.00135535
2796.746589,1.001294738
2796.767021,1.001432385
2796.787453,1.001520881
2796.807884,1.001729724
2796.828316,1.001637935
2796.848748,1.001814299
2796.86918,1.001772486
2796.889611,1.001817802
2796.910043,1.002007121
2796.930475,1.002114374
2796.950906,1.002057717
2796.99177,1.002296912
2797.012202,1.002483629
2797.032633,1.002459137
2797.053065,1.002628084
2797.073497,1.002491735
2797.093929,1.002890165
2797.11436,1.002566039
2797.134792,1.00261808
2797.155224,1.002919473
2797.175655,1.00261282
2797.196087,1.002740597
2797.23695,1.002652267
2797.257382,1.002766155
2797.277814,1.003071422
2797.298246,1.002835723
2797.318677,1.002746583
2797.339109,1.002784916
2797.359541,1.002517314
2797.379972,1.002710587
2797.400404,1.002650499
2797.420836,1.002902214
2797.441268,1.002621278
2797.482131,1.002608652
2797.502563,1.002618052
2797.522994,1.002320881
2797.543426,1.002306145
2797.563858,1.002668236
2797.584289,1.002402824
2797.604721,1.002254354
2797.625153,1.002616572
2797.645585,1.002421983
2797.666016,1.002452401
2797.686448,1.002372952
2797.727311,1.002074038
2797.747743,1.002223349
2797.768175,1.00216048
2797.788607,1.002054594
2797.809038,1.002426655
2797.82947,1.002139759
2797.849902,1.002275542
2797.870334,1.002081347
2797.890765,1.00223089
2797.911197,1.002211638
2797.931629,1.002303788
2797.972492,1.002283091
2797.992924,1.00192425
2798.013355,1.002201814
2798.033787,1.001882853
2798.054219,1.002086871
2798.074651,1.002233575
2798.095082,1.001994296
2798.115514,1.001796662
2798.135946,1.002267324
2798.156378,1.002087104
2798.176809,1.002073831
2798.217673,1.001984097
2798.238104,1.001826386
2798.258536,1.001848364
2798.278968,1.001842448
2798.299399,1.001836221
2798.319831,1.001957877
2798.340263,1.001967236
2798.360695,1.001656954
2798.381126,1.001794582
2798.401558,1.001801751
2798.42199,1.002021017
2798.462853,1.001645227
2798.483285,1.001634365
2798.503717,1.00167505
2798.524148,1.001655678
2798.54458,1.00150399
2798.565012,1.001829042
2798.585444,1.001799794
2798.605875,1.001654402
2798.626307,1.001614927
2798.646739,1.00150531
2798.66717,1.001695177
2798.708034,1.001408983
2798.728466,1.00132261
2798.748897,1.001400851
2798.769329,1.00133333
2798.789761,1.001243411
2798.810192,1.001111488
2798.830624,1.001258945
2798.851056,1.001140801
2798.871488,1.001140833
2798.891919,1.001178346
2798.912351,1.000949327
2798.953214,1.000897939
2798.973646,1.000684559
2798.994078,1.000859123
2799.01451,1.000842491
2799.034941,1.000877381
2799.055373,1.00072132
2799.075805,1.000607815
2799.096236,1.000542538
2799.116668,1.000614459
2799.1371,1.000620282
2799.157532,1.000322058
2799.198395,1.000102659
2799.218827,1.000299875
2799.239258,1.000099128
2799.25969,1.000168732
2799.280122,0.999992409
2799.300554,0.999750176
2799.320985,0.999888445
2799.341417,0.99986226
2799.382281,0.999813267
2799.402712,0.999879937
2799.443576,0.999839421
2799.464007,0.999792853
2799.484439,0.999864726
2799.504871,0.999653149
2799.525303,0.999535145
2799.545734,0.999536087
2799.566166,0.999619049
2799.586598,0.999504734
2799.60703,0.999307109
2799.627461,0.999450544
2799.647893,0.999324471
2799.688756,0.999583132
2799.709188,0.999448301
2799.72962,0.999719831
2799.750052,0.999460211
2799.770483,0.99934478
2799.790915,0.999733779
2799.811347,0.999385948
2799.831779,0.999609544
2799.85221,0.999427291
2799.872642,0.99961059
2799.893074,0.999244216
2799.933937,0.999576925
2799.954369,0.999529317
2799.974801,0.999643995
2799.995232,0.999618447
2800.015664,0.99943681
2800.036096,0.99945795
2800.056527,0.999433629
2800.076959,0.999218808
2800.097391,0.999232168
2800.117823,0.999202387
2800.138254,0.999372085
2800.179118,0.999074614
2800.19955,0.999337327
2800.219981,0.9994498
2800.240413,0.999348128
2800.260845,0.999475399
2800.281277,0.999388888
2800.301708,0.999416389
2800.32214,0.99935186
2800.342572,0.999390285
2800.363004,0.999378199
2800.383435,0.999250244
2800.424299,0.999557214
2800.44473,0.999436429
2800.465162,0.999646325
2800.485594,0.999507689
2800.506025,0.999610425
2800.526457,0.999742296
2800.546889,0.999547021
2800.567321,0.999525251
2800.587752,0.999495749
2800.608184,0.999671662
2800.628616,0.999623076
2800.669479,0.999758323
2800.689911,0.999958646
2800.710343,0.999840081
2800.730775,0.999840647
2800.751206,0.99952743
2800.771638,0.999782114
2800.79207,0.999711801
2800.812502,0.999695519
2800.832933,0.99988257
2800.853365,0.999917227
2800.873797,0.999788357
2800.91466,1.000023688
2800.935092,1.000202034
2800.955524,1.000090615
2800.975956,1.000066458
2800.996387,0.999894355
2801.016819,1.000040373
2801.037251,1.000147368
2801.057682,0.999949544
2801.078114,1.000299958
2801.098546,1.00025585
2801.118978,1.000243153
2801.159841,1.000363698
2801.180273,1.000711949
2801.200705,1.000721551
2801.221136,1.000766699
2801.241568,1.000671878
2801.262,1.000718228
2801.282431,1.00082252
2801.302863,1.000733707
2801.323295,1.000806252
2801.343727,1.000950473
2801.364158,1.000699335
2801.405022,1.001139886
2801.425454,1.001444717
2801.445885,1.001015368
2801.466317,1.001148305
2801.486749,1.001196713
2801.507181,1.001201401
2801.527612,1.001155493
2801.548044,1.001365116
2801.568476,1.001168269
2801.588908,1.001327331
2801.609339,1.001628389
2801.650203,1.001460275
2801.670634,1.001712404
2801.691066,1.00174468
2801.711498,1.001773203
2801.73193,1.001663852
2801.752362,1.001888891
2801.772793,1.002019489
2801.793225,1.001879945
2801.813657,1.001919177
2801.834088,1.002446628
2801.85452,1.001870382
2801.895384,1.001887379
2801.915815,1.001970788
2801.936247,1.001924513
2801.956679,1.001857553
2801.977111,1.002008699
2801.997542,1.001796405
2802.017974,1.001823127
2802.038406,1.001725752
2802.058838,1.001677763
2802.079269,1.001678493
2802.099701,1.001503249
2802.140565,1.002014381
2802.160996,1.002039205
2802.181428,1.001759441
2802.20186,1.001840469
2802.222291,1.001831088
2802.242723,1.001781791
2802.263155,1.001841851
2802.283587,1.001675445
2802.304019,1.001720082
2802.32445,1.001792703
2802.344882,1.001785972
2802.385745,1.001892747
2802.406177,1.001926011
2802.426609,1.002004366
2802.447041,1.002023088
2802.467472,1.002090015
2802.487904,1.001842678
2802.508336,1.001875298
2802.528768,1.00173724
2802.549199,1.002068772
2802.569631,1.001993653
2802.590063,1.001894872
2802.630926,1.001482046
2802.651358,1.001558746
2802.67179,1.001772437
2802.692222,1.002021548
2802.712653,1.002212651
2802.733085,1.00204241
2802.753517,1.002126774
2802.773949,1.002018228
2802.79438,1.002187081
2802.814812,1.001997571
2802.835244,1.001706401
2802.855676,1.001971448
2802.876107,1.001877643
2802.896539,1.001920016
2802.916971,1.001998225
2802.937403,1.00187653
2802.957834,1.001970203
2802.978266,1.001792291
2802.998698,1.001575051
2803.01913,1.001739596
2803.039561,1.001621784
2803.059993,1.001876139
2803.080425,1.001700022
2803.121288,1.002298128
2803.14172,1.002171417
2803.162152,1.002254436
2803.182584,1.002111883
2803.203015,1.002113033
2803.223447,1.001916008
2803.243879,1.002099055
2803.264311,1.002057364
2803.284743,1.001862191
2803.305174,1.002011118
2803.325606,1.001640341
2803.366469,1.002293331
2803.386901,1.002138766
2803.407333,1.002156057
2803.427765,1.00189707
2803.448197,1.002174938
2803.468628,1.002014131
2803.48906,1.002254756
2803.509492,1.002313922
2803.529924,1.00197461
2803.550355,1.002215094
2803.570787,1.002043842
2803.611651,1.002298461
2803.632082,1.002255873
2803.652514,1.002184569
2803.672946,1.001928867
2803.693378,1.002158063
2803.713809,1.002223398
2803.734241,1.002155086
2803.754673,1.002135677
2803.775105,1.004099587
2803.795536,1.002018358
2803.815968,1.002443536
2803.856832,1.002015274
2803.877263,1.002155477
2803.897695,1.00217955
2803.918127,1.002492198
2803.938559,1.002477353
2803.95899,1.002353372
2803.979422,1.002245221
2803.999854,1.002295317
2804.020286,1.002346958
2804.040717,1.00207648
2804.061149,1.002464672
2804.102013,1.001516188
2804.122445,1.001727188
2804.142876,1.00159461
2804.163308,1.001558276
2804.18374,1.001715964
2804.204172,1.00158977
2804.224603,1.001503732
2804.245035,1.001598544
2804.265467,1.001775352
2804.285899,1.001922286
2804.30633,1.001812735
2804.326762,1.001854266
2804.347194,1.001870875
2804.367626,1.001783011
2804.388058,1.001649693
2804.408489,1.001842948
2804.428921,1.001609465
2804.449353,1.001632491
2804.469785,1.001457943
2804.490216,1.001386803
2804.510648,1.001508209
2804.53108,1.001683714
2804.551512,1.001488895
2804.592375,1.001452597
2804.612807,1.001313241
2804.633239,1.001137706
2804.65367,1.001443851
2804.674102,1.001501808
2804.694534,1.001340917
2804.714966,1.00174484
2804.735398,1.001354178
2804.755829,1.001352254
2804.776261,1.001373294
2804.796693,1.001308924
2804.837556,1.001358826
2804.857988,1.001369103
2804.87842,1.001204703
2804.898852,1.001322942
2804.919283,1.001392326
2804.939715,1.001375756
2804.960147,1.001513827
2804.980579,1.001264613
2805.001011,1.001287952
2805.021442,1.00141428
2805.041874,1.001180623
2805.082737,1.001283308
2805.103169,1.00095188
2805.123601,1.001114413
2805.144033,1.000932444
2805.164465,1.001086821
2805.184896,1.001078114
2805.205328,1.00134798
2805.22576,1.001260266
2805.246192,1.001266398
2805.266623,1.001024033
2805.287055,1.001231431
2805.327919,1.001141123
2805.348351,1.001180839
2805.368782,1.001254122
2805.389214,1.001497766
2805.409646,1.001442549
2805.430078,1.001169172
2805.450509,1.001271434
2805.470941,1.001166059
2805.491373,1.001295357
2805.511805,1.001496476
2805.532236,1.001440167
2805.5731,1.001718988
2805.593532,1.001593532
2805.613964,1.001800529
2805.634395,1.001773077
2805.654827,1.001724172
2805.675259,1.001797938
2805.695691,1.001533216
2805.716123,1.001758254
2805.736554,1.001860551
2805.756986,1.001585894
2805.777418,1.001640473
2805.818281,1.001582353
2805.838713,1.001698699
2805.859145,1.001920522
2805.879577,1.001882877
2805.900009,1.001891742
2805.92044,1.0019048
2805.940872,1.001894705
2805.961304,1.00199873
2805.981736,1.00212924
2806.002167,1.002155682
2806.022599,1.00182053
2806.063463,1.001821658
2806.083895,1.001932846
2806.104326,1.00193275
2806.124758,1.002066636
2806.14519,1.001931862
2806.165622,1.001911085
2806.186053,1.0020057
2806.206485,1.001929988
2806.226917,1.001975373
2806.247349,1.001809615
2806.267781,1.001988043
2806.288212,1.001912614
2806.308644,1.002070345
2806.329076,1.002074962
2806.349508,1.002079542
2806.36994,1.001895088
2806.390371,1.00194373
2806.410803,1.002027379
2806.431235,1.002137021
2806.451667,1.002066564
2806.472098,1.002034294
2806.49253,1.002023314
2806.512962,1.001963053
2806.553826,1.002199879
2806.574257,1.002154083
2806.594689,1.002081501
2806.615121,1.002508855
2806.635553,1.00212631
2806.655984,1.002132777
2806.676416,1.002325013
2806.696848,1.002225481
2806.71728,1.002385527
2806.737712,1.002162538
2806.758143,1.002206507
2806.799007,1.002411575
2806.819439,1.00236314
2806.839871,1.002375781
2806.860302,1.002478414
2806.880734,1.002653228
2806.901166,1.00269887
2806.921598,1.002526693
2806.94203,1.00246524
2806.962461,1.002641203
2806.982893,1.002434906
2807.003325,1.002417855
2807.044188,1.002514482
2807.06462,1.00252385
2807.085052,1.002724702
2807.105484,1.002645581
2807.125916,1.002903363
2807.146347,1.002651548
2807.166779,1.002671335
2807.187211,1.002676827
2807.207643,1.002474649
2807.228075,1.002494186
2807.248506,1.002431805
2807.28937,1.00252401
2807.309802,1.002716073
2807.330234,1.002373652
2807.350665,1.00234199
2807.371097,1.002453964
2807.391529,1.002390121
2807.411961,1.002258323
2807.432392,1.002510178
2807.452824,1.002397778
2807.473256,1.002433657
2807.493688,1.002405326
2807.534552,1.002367971
2807.554983,1.002646128
2807.575415,1.002482292
2807.595847,1.002341812
2807.616279,1.0024478
2807.63671,1.002317295
2807.657142,1.002361508
2807.677574,1.002615112
2807.698006,1.002561829
2807.718438,1.002668004
2807.73887,1.002629929
2807.779733,1.002659903
2807.800165,1.002532906
2807.820597,1.002557359
2807.841028,1.002362514
2807.86146,1.002561397
2807.881892,1.002590762
2807.902324,1.002534651
2807.922756,1.002436278
2807.943187,1.002482784
2807.963619,1.002379969
2807.984051,1.00239457
2808.024915,1.002240252
2808.045346,1.002099922
2808.065778,1.002233949
2808.08621,1.001971982
2808.106642,1.001998015
2808.127074,1.00204086
2808.147505,1.001988298
2808.167937,1.00178605
2808.188369,1.001936544
2808.208801,1.001816898
2808.229233,1.002218052
2808.270096,1.00184327
2808.290528,1.002534123
2808.31096,1.001826239
2808.331392,1.001588536
2808.351824,1.001934061
2808.372255,1.001690596
2808.392687,1.001570246
2808.413119,1.001516281
2808.433551,1.001700697
2808.453983,1.001811782
2808.474414,1.001450768
2808.515278,1.001414589
2808.53571,1.001227448
2808.556142,1.001178061
2808.576573,1.001349536
2808.597005,1.001230665
2808.617437,1.001488429
2808.637869,1.001265416
2808.658301,1.00140684
2808.678732,1.002034302
2808.699164,1.001308061
2808.719596,1.001556537
2808.740028,1.001373277
2808.76046,1.001051006
2808.780891,1.00161661
2808.801323,1.001240088
2808.821755,1.001470796
2808.842187,1.001135459
2808.862619,1.001410499
2808.88305,1.001207257
2808.903482,1.001460286
2808.923914,1.001276112
2808.944346,1.001344108
2808.964778,1.001127452
2809.005641,1.001131281
2809.026073,1.001212642
2809.046505,1.001108886
2809.066937,1.001022312
2809.087369,1.001104796
2809.1078,1.00119938
2809.128232,1.000964049
2809.148664,1.000965267
2809.169096,1.00111278
2809.189528,1.000843622
2809.209959,1.000796747
2809.230391,1.00093337
2809.250823,1.000822558
2809.271255,1.00098202
2809.291687,1.000932239
2809.312119,1.000858201
2809.33255,1.001027867
2809.352982,1.001023101
2809.373414,1.000670755
2809.393846,1.000659925
2809.414278,1.000920417
2809.434709,1.000507916
2809.455141,1.000938245
2809.496005,1.000730549
2809.516437,1.000670557
2809.536869,1.000803116
2809.5573,1.000649442
2809.577732,1.000850638
2809.598164,1.000709097
2809.618596,1.00064495
2809.639028,1.000748835
2809.659459,1.000625126
2809.679891,1.000693739
2809.700323,1.00086812
2809.741187,1.00070491
2809.761619,1.000624173
2809.78205,1.000672546
2809.802482,1.000968377
2809.822914,1.000635324
2809.843346,1.000795426
2809.863778,1.000476941
2809.88421,1.000694977
2809.904641,1.000734542
2809.925073,1.000617343
2809.945505,1.000317459
2810.006801,1.000297108
2810.027232,1.000412994
2810.047664,1.000444686
2810.068096,1.000505594
2810.088528,1.000553325
2810.10896,1.000314521
2810.129391,1.000565853
2810.149823,1.000345449
2810.170255,1.000186512
2810.190687,1.000403055
2810.211119,1.000786876
2810.231551,1.000475713
2810.251982,1.000338471
2810.272414,1.000469351
2810.292846,1.000222205
2810.313278,1.000324942
2810.33371,1.000242566
2810.354141,1.000254208
2810.374573,1.00020721
2810.395005,1.000327474
2810.415437,1.000309043
2810.435869,1.000078346
2810.456301,1.000380065
2810.476733,1.000244955
2810.497164,1.000325209
2810.517596,1.000402324
2810.538028,1.000479316
2810.55846,1.000411629
2810.578892,1.000401201
2810.599323,1.000343442
2810.619755,1.000444611
2810.640187,1.000422461
2810.660619,1.000355187
2810.681051,1.000485349
2810.721915,1.000551282
2810.742346,1.000579284
2810.762778,1.000757554
2810.78321,1.000645527
2810.803642,1.000538306
2810.824074,1.00080512
2810.844505,1.000642423
2810.864937,1.000635086
2810.885369,1.000696564
2810.905801,1.000607172
2810.926233,1.00060665
2810.967096,1.000805974
2810.987528,1.00052837
2811.00796,1.000473187
2811.028392,1.000597933
2811.048824,1.00072502
2811.069256,1.000681834
2811.089687,1.000388598
2811.110119,1.000650001
2811.130551,1.000595705
2811.150983,1.000419866
2811.171415,1.000487547
2811.212279,1.000462194
2811.23271,1.000527298
2811.253142,1.000618667
2811.273574,1.000302156
2811.294006,1.000240997
2811.314438,1.000569616
2811.33487,1.000135527
2811.355301,1.000139246
2811.375733,1.000162185
2811.396165,1.000135736
2811.416597,1.000106037
2811.437029,1.000213512
2811.457461,1.000170973
2811.477892,0.999953493
2811.498324,1.000061886
2811.518756,1.00015694
2811.539188,0.999870267
2811.55962,1.000032955
2811.580052,1
2811.600484,0.999887708
2811.620915,1.000197559
2811.641347,0.999999658
2811.661779,0.999745846
2811.702643,1.000047808
2811.723075,1.000102066
2811.743506,1.0001375
2811.763938,0.999880266
2811.78437,1.000127737
2811.804802,1.000189724
2811.825234,0.999997476
2811.845666,1.000409758
2811.866098,1.000088998
2811.886529,1.000100459
2811.906961,1.000120608
2811.947825,1.000149754
2811.968257,1.00026565
2811.988689,1.000281966
2812.00912,1.000343077
2812.029552,1.00034098
2812.049984,1.000028696
2812.070416,1.000167189
2812.090848,1.000310596
2812.11128,1.000234526
2812.131711,1.000091812
2812.152143,1.000220739
2812.193007,1.000397613
2812.213439,1.000215597
2812.233871,1.000292323
2812.254303,1.000037416
2812.274735,1.000083806
2812.295166,1.000462155
2812.315598,1.000304143
2812.33603,0.999982584
2812.356462,1.000550123
2812.376894,1.000067235
2812.397326,1.000238458
2812.417758,1.000398331
2812.438189,1.000032095
2812.458621,1.000027835
2812.479053,0.99996926
2812.499485,1.000053206
2812.519917,1.000112824
2812.540349,1.000070315
2812.56078,0.999913469
2812.581212,1.000056542
2812.601644,1.000024591
2812.622076,1.000056957
2812.642508,0.999908288
2812.683372,0.999702108
2812.703803,0.999982334
2812.724235,0.999599706
2812.744667,0.99953235
2812.765099,0.999680101
2812.785531,0.999632012
2812.805963,0.999589381
2812.826395,0.99967962
2812.846826,0.999755999
2812.867258,0.999615973
2812.88769,0.999624603
2812.908122,0.999589714
2812.928554,0.999326242
2812.948986,0.999436257
2812.969418,0.999345
2812.98985,0.999265672
2813.010281,0.999523269
2813.030713,0.999424309
2813.051145,0.999418219
2813.071577,0.999318142
2813.092009,0.999411387
2813.112441,0.99903116
2813.132873,0.998964233
2813.173736,0.99892557
2813.194168,0.998893096
2813.2146,0.998800175
2813.235032,0.998713864
2813.255464,0.998619419
2813.275896,0.998958538
2813.296327,0.998884661
2813.316759,0.998751381
2813.337191,0.999451213
2813.357623,0.998562989
2813.378055,0.998611176
2813.418919,0.998650977
2813.439351,0.99827927
2813.459782,0.998628717
2813.480214,0.99861178
2813.500646,0.998459864
2813.521078,0.998314263
2813.54151,0.998411725
2813.561942,0.998354277
2813.582374,0.998344144
2813.602806,0.998448174
2813.623237,0.998431919
2813.664101,0.998347892
2813.684533,0.998283389
2813.704965,0.998076621
2813.725397,0.997925307
2813.745829,0.998181043
2813.76626,0.998051938
2813.786692,0.99781038
2813.807124,0.998072923
2813.827556,0.997936876
2813.847988,0.997837149
2813.86842,0.997925878
2813.909284,0.998099082
2813.929716,0.997910638
2813.950147,0.998063785
2813.970579,0.997899065
2813.991011,0.997935702
2814.011443,0.998037815
2814.031875,0.997958563
2814.052307,0.9979626
2814.072739,0.997612527
2814.09317,0.997769996
2814.113602,0.997832358
2814.134034,0.998123046
2814.154466,0.997956328
2814.174898,0.997955115
2814.19533,0.998010585
2814.215762,0.998079526
2814.236194,0.997961006
2814.256626,0.998163658
2814.277057,0.998188891
2814.297489,0.997911975
2814.317921,0.998134107
2814.338353,0.998271557
2814.358785,0.998266763
2814.399649,0.998149198
2814.420081,0.997995636
2814.440512,0.998123183
2814.460944,0.99798293
2814.481376,0.997755913
2814.501808,0.997875025
2814.52224,0.997740541
2814.542672,0.997891596
2814.563104,0.997694763
2814.583536,0.997849174
2814.603967,0.997512078
2814.644831,0.997839136
2814.665263,0.997809901
2814.685695,0.997832621
2814.706127,0.99769318
2814.726559,0.997743512
2814.746991,0.997701757
2814.767423,0.997628091
2814.787854,0.997628418
2814.808286,0.997426759
2814.828718,0.99764792
2814.84915,0.997747145
2814.890014,0.998018991
2814.910446,0.998000038
2814.930878,0.997915369
2814.95131,0.997856428
2814.971742,0.997797129
2814.992173,0.997759334
2815.012605,0.998149825
2815.033037,0.998059519
2815.053469,0.997882846
2815.073901,0.997808508
2815.094333,0.998200094
2815.135197,0.998163815
2815.155628,0.998076637
2815.17606,0.998232449
2815.196492,0.99796617
2815.216924,0.998096712
2815.237356,0.998290433
2815.257788,0.99809422
2815.27822,0.998213839
2815.298652,0.997825625
2815.319084,0.997758628
2815.339516,0.998068657
2815.380379,0.997834799
2815.400811,0.998029007
2815.421243,0.997828707
2815.441675,0.998785141
2815.462107,0.997750705
2815.482539,0.997713944
2815.502971,0.997876902
2815.523403,0.997746793
2815.543834,0.99814146
2815.564266,0.998042609
2815.584698,0.998174356
2815.625562,0.99801832
2815.645994,0.99825238
2815.666426,0.998272305
2815.686858,0.998411054
2815.70729,0.998275714
2815.727722,0.998633162
2815.748154,0.998599219
2815.768585,0.998448084
2815.789017,0.998996802
2815.809449,0.998769974
2815.829881,0.998828264
2815.891177,0.999177292
2815.911609,0.99910877
2815.932041,0.999290759
2815.952473,0.999207651
2815.972904,0.999424237
2815.993336,0.999300492
2816.013768,0.99962465
2816.0342,0.999443125
2816.054632,0.99987278
2816.075064,0.999821593
2816.115928,0.999785965
2816.13636,0.999682525
2816.156791,0.999878358
2816.177223,0.999732212
2816.197655,0.999844676
2816.218087,0.999801549
2816.238519,0.999378244
2816.258951,0.999589876
2816.279383,0.999599822
2816.299815,0.99959542
2816.320247,0.999473634
2816.361111,0.999735384
2816.381543,0.999839236
2816.401975,0.99970942
2816.422406,0.999578726
2816.442838,0.999598982
2816.46327,0.999734498
2816.483702,0.999533881
2816.504134,0.999803943
2816.524566,0.99994769
2816.544998,0.999639033
2816.56543,1.000006282
2816.606294,0.999716505
2816.626725,1.000055165
2816.647157,1.00014771
2816.667589,1.000201796
2816.688021,1.000114623
2816.708453,1.000226472
2816.728885,1.000049755
2816.749317,1.00012822
2816.769749,1.000473323
2816.790181,1.000285416
2816.810613,1.000339421
2816.851477,1.000275658
2816.871908,1.000303715
2816.89234,1.000052233
2816.912772,1.000034534
2816.933204,1.000132267
2816.953636,1.000382622
2816.974068,1.000069331
2816.9945,0.999956996
2817.014932,1.000153097
2817.035364,0.999974742
2817.055796,0.999977747
2817.09666,1.00006138
2817.117092,0.99987621
2817.137523,0.999914344
2817.157955,0.999841302
2817.178387,0.99994652
2817.198819,0.999672348
2817.219251,0.999902108
2817.239683,0.999801938
2817.260115,0.999735579
2817.280547,0.999753542
2817.300979,0.999702376
2817.341843,0.999715802
2817.362275,0.999946483
2817.382707,0.999722292
2817.403138,0.999682373
2817.42357,0.999761013
2817.444002,0.999818817
2817.464434,0.999521539
2817.484866,0.999708068
2817.505298,0.999545954
2817.52573,0.999530864
2817.546162,0.999517428
2817.566594,0.999318312
2817.587026,0.99942886
2817.607458,0.999333664
2817.62789,0.999497513
2817.648322,0.999416812
2817.668754,0.999611071
2817.689185,0.999636394
2817.709617,0.999395423
2817.730049,0.999518802
2817.750481,0.999489597
2817.770913,0.999469406
2817.791345,0.999304795
2817.832209,0.99928802
2817.852641,0.99920726
2817.873073,0.999451537
2817.893505,0.999009534
2817.913937,0.999074934
2817.934369,0.999206476
2817.954801,0.999083397
2817.975233,0.999030733
2817.995664,0.99884171
2818.016096,0.99870903
2818.036528,0.998576623
2818.077392,0.998686559
2818.097824,0.998623381
2818.118256,0.998685499
2818.138688,0.998398845
2818.15912,0.99828034
2818.179552,0.998218854
2818.199984,0.998333337
2818.220416,0.998045124
2818.240848,0.998185152
2818.26128,0.997742793
2818.281712,0.997720332
2818.302143,0.997634028
2818.322575,0.997615722
2818.343007,0.997603335
2818.363439,0.997677011
2818.383871,0.997476425
2818.404303,0.997763798
2818.424735,0.997297634
2818.445167,0.997447417
2818.465599,0.997320493
2818.486031,0.99743493
2818.506463,0.997194859
2818.526895,0.997208696
2818.567759,0.996994028
2818.588191,0.996798682
2818.608623,0.996823222
2818.629055,0.996766041
2818.649487,0.996934032
2818.669919,0.996765533
2818.69035,0.996943828
